"mid","source","ziel","ziel1","ziel2","ziel3","ziel4",,"ziel6","ziel6","ziel8","ziel9","ziel10",,
1,"Januar","January","Xxxxx – Should be ziel1","yyyyy  – Should be ziel2","zzzzz – Should be ziel3","asdfasdf – Should be ziel4","should be ignored and not imported since header is empty","uuuuu – Should be ziel6","ppppp – Should be ziel6_1 since colname was duplicated","üüüßíoöu – Should be ziel8","wwqwedlk4jh – Should be ziel9","nnnnnnnnnnnn – Should be ziel10","Should (ziel11) be also ignored ignored and not imported since header is empty",
2,"Februar","February","xxxxx","yyyyy","zzzzz","asdfasdf","in","uuuuu","ppppp","üüüßíoöu","wwqwedlk4jh","nnnnnnnnnnnn","sssssssssdfwser",
3,"März","March","xxxxx","yyyyy","Linebreaks type -n
should be
Tagged.","asdfasdf","the","uuuuu","ppppp","üüüßíoöu","wwqwedlk4jh","nnnnnnnnnnnn","sssssssssdfwser",
4,"April","April","xxxxx","yyyyy","Linebreaks type -r should be Tagged.","asdfasdf","middle","uuuuu","ppppp","üüüßíoöu","wwqwedlk4jh","nnnnnnnnnnnn","sssssssssdfwser","ignored column!"
5,"Mai","May","xxxxx","yyyyy","Linebreaks type -rn 
should be 
Tagged.","asdfasdf","hjkhjk","uuuuu","ppppp","üüüßíoöu","wwqwedlk4jh","nnnnnnnnnnnn","sssssssssdfwser",
6,"Juni","June","Next","line","is","empty","in","in csv","test","üüüßíoöu","wwqwedlk4jh","nnnnnnnnnnnn","sssssssssdfwser",

7,"Juli","July","xxxxx","yyyyy","zzzzz","asdfasdf","hjkhjk","uuuuu","ppppp","üüüßíoöu","wwqwedlk4jh","nnnnnnnnnnnn","sssssssssdfwser",
8,"August","August","xxxxx","yyyyy","zzzzz","asdfasdf","hjkhjk","uuuuu","ppppp","üüüßíoöu","wwqwedlk4jh","nnnnnnnnnnnn","sssssssssdfwser",
9,"September","September","xxxxx","yyyyy","zzzzz","asdfasdf","hjkhjk","uuuuu","ppppp","üüüßíoöu","wwqwedlk4jh","nnnnnnnnnnnn","sssssssssdfwser",
10,"Oktober","October","xxxxx","yyyyy","zzzzz","asdfasdf","hjkhjk","uuuuu","ppppp","üüüßíoöu","wwqwedlk4jh","nnnnnnnnnnnn","sssssssssdfwser",
11,"November","November","xxxxx","yyyyy","zzzzz","asdfasdf","hjkhjk","uuuuu","ppppp","üüüßíoöu","wwqwedlk4jh","nnnnnnnnnnnn","sssssssssdfwser",
12,"Dezember","December","xxxxx","yyyyy","zzzzz","asdfasdf","hjkhjk","uuuuu","ppppp","üüüßíoöu","wwqwedlk4jh","nnnnnnnnnnnn","sssssssssdfwser",
13,"Januar","January","xxxxx","yyyyy","zzzzz","asdfasdf","hjkhjk","uuuuu","ppppp","üüüßíoöu","wwqwedlk4jh","nnnnnnnnnnnn","sssssssssdfwser",
14,"Februar","February","xxxxx","yyyyy","zzzzz","asdfasdf","hjkhjk","uuuuu","ppppp","üüüßíoöu","wwqwedlk4jh","nnnnnnnnnnnn","sssssssssdfwser",
15,"März","March","xxxxx","yyyyy","zzzzz","asdfasdf","hjkhjk","uuuuu","ppppp","üüüßíoöu","wwqwedlk4jh","nnnnnnnnnnnn","sssssssssdfwser",
16,"April","April","xxxxx","yyyyy","zzzzz","asdfasdf","hjkhjk","uuuuu","ppppp","üüüßíoöu","wwqwedlk4jh","nnnnnnnnnnnn","sssssssssdfwser",
17,"Mai","May","xxxxx","yyyyy","zzzzz","asdfasdf","hjkhjk","uuuuu","ppppp","üüüßíoöu","wwqwedlk4jh","nnnnnnnnnnnn","sssssssssdfwser",
18,"Juni","June","xxxxx","yyyyy","zzzzz","asdfasdf","hjkhjk","uuuuu","ppppp","üüüßíoöu","wwqwedlk4jh","nnnnnnnnnnnn","sssssssssdfwser",
19,"Juli","July","xxxxx","yyyyy","zzzzz","asdfasdf","hjkhjk","uuuuu","ppppp","üüüßíoöu","wwqwedlk4jh","nnnnnnnnnnnn","sssssssssdfwser",
20,"August","August","xxxxx","yyyyy","zzzzz","asdfasdf","hjkhjk","uuuuu","ppppp","üüüßíoöu","wwqwedlk4jh","nnnnnnnnnnnn","sssssssssdfwser",
21,"September","September","xxxxx","yyyyy","zzzzz","asdfasdf","hjkhjk","uuuuu","ppppp","üüüßíoöu","wwqwedlk4jh","nnnnnnnnnnnn","Ssssssss
Sdf sdfwser",
22,"Oktober","October","xxxxx","yyyyy","zzzzz","asdfasdf","hjkhjk","uuuuu","ppppp","üüüßíoöu","wwqwedlk4jh","nnnnnnnnnnnn","sssssssssdfwser",
23,"November","November","xxxxx","yyyyy","zzzzz","asdfasdf","hjkhjk","uuuuu","ppppp","üüüßíoöu","wwqwedlk4jh","nnnnnnnnnnnn","sssssssssdfwser",
24,"Dezember","December","xxxxx","yyyyy","zzzzz","asdfasdf","hjkhjk","uuuuu","ppppp","üüüßíoöu","wwqwedlk4jh","nnnnnnnnnnnn","sssssssssdfwser",
25,"Januar","January","xxxxx","yyyyy","zzzzz","asdfasdf","hjkhjk","uuuuu","ppppp","üüüßíoöu","wwqwedlk4jh","nnnnnnnnnnnn","sssssssssdfwser",
26,"Februar","February","xxxxx","yyyyy","zzzzz","asdfasdf","hjkhjk","uuuuu","ppppp","üüüßíoöu","wwqwedlk4jh","nnnnnnnnnnnn","sssssssssdfwser",
27,"März","March","xxxxx","yyyyy","zzzzz","asdfasdf","hjkhjk","uuuuu","ppppp","üüüßíoöu","wwqwedlk4jh","nnnnnnnnnnnn","sssssssssdfwser",
28,"April","April","xxxxx","yyyyy","zzzzz","asdfasdf","hjkhjk","uuuuu","ppppp","üüüßíoöu","wwqwedlk4jh","nnnnnnnnnnnn","sssssssssdfwser","23423423desrsdfr  dfg"
29,"Mai","May","xxxxx","yyyyy","zzzzz","asdfasdf","hjkhjk","uuuuu","ppppp","üüüßíoöu","wwqwedlk4jh","nnnnnnnnnnnn","sssssssssdfwser",
30,"Juni","June","xxxxx","yyyyy","zzzzz","asdfasdf","hjkhjk","Uuuusd



Sdfsdfu","ppppp","üüüßíoöu","wwqwedlk4jh","nnnnnnnnnnnn","sssssssssdfwser",
31,"Juli","July","xxxxx","yyyyy","zzzzz","asdfasdf","hjkhjk","uuuuu","ppppp","üüüßíoöu","wwqwedlk4jh","nnnnnnnnnnnn","sssssssssdfwser",
32,"August","August","xxxxx","yyyyy","zzzzz","asdfasdf","hjkhjk","uuuuu","ppppp","üüüßíoöu","wwqwedlk4jh","nnnnnnnnnnnn","sssssssssdfwser",
33,"September","September","xxxxx","yyyyy","zzzzz","asdfasdf","hjkhjk","uuuuu","ppppp","üüüßíoöu","wwqwedlk4jh","nnnnnnnnnnnn","sssssssssdfwser",
34,"Oktober","October","xxxxx","yyyyy","zzzzz","asdfasdf","hjkhjk","uuuuu","ppppp","üüüßíoöu","wwqwedlk4jh","nnnnnnnnnnnn","sssssssssdfwser",
35,"November","November","xxxxx","yyyyy","zzzzz","asdfasdf","hjkhjk","uuuuu","ppppp","üüüßíoöu","wwqwedlk4jh","nnnnnnnnnnnn","sssssssssdfwser",
36,"Dezember","December","xxxxx","yyyyy","zzzzz","asdfasdf","hjkhjk","uuuuu","ppppp","üüüßíoöu","wwqwedlk4jh","nnnnnnnnnnnn","sssssssssdfwser",
37,"Januar","January","xxxxx","yyyyy","zzzzz","asdfasdf","hjkhjk","uuuuu","ppppp","üüüßíoöu","wwqwedlk4jh","nnnnnnnnnnnn","sssssssssdfwser",
38,"Februar","February","xxxxx","yyyyy","zzzzz","asdfasdf","hjkhjk","uuuuu","ppppp","üüüßíoöu","wwqwedlk4jh","nnnnnnnnnnnn","sssssssssdfwser",
39,"März","March","xxxxx","yyyyy","zzzzz","asdfasdf","hjkhjk","uuuuu","ppppp","üüüßíoöu","wwqwedlk4jh","nnnnnnnnnnnn","sssssssssdfwser",
40,"April","April","xxxxx","yyyyy","zzzzz","asdfasdf","hjkhjk","uuuuu","ppppp","üüüßíoöu","wwqwedlk4jh","nnnnnnnnnnnn","sssssssssdfwser",
41,"Mai","May","xxxxx","yyyyy","zzzzz","asdfasdf","hjkhjk","uuuuu","ppppp","üüüßíoöu","wwqwedlk4jh","nnnnnnnnnnnn","sssssssssdfwser",
42,"Juni","June","xxxxx","yyyyy","zzzzz","asdfasdf","hjkhjk","uuuuu","ppppp","üüüßíoöu","wwqwedlk4jh","nnnnnnnnnnnn","sssssssssdfwser",
43,"Juli","July","xxxxx","yyyyy","zzzzz","asdfasdf","hjkhjk","uuuuu","ppppp","üüüßíoöu","wwqwedlk4jh","nnnnnnnnnnnn","sssssssssdfwser",
44,"August","August","xxxxx","yyyyy","zzzzz","asdfasdf","hjkhjk","uuuuu","ppppp","üüüßíoöu","wwqwedlk4jh","nnnnnnnnnnnn","sssssssssdfwser",
45,"September","September","xxxxx","yyyyy","zzzzz","asdfasdf","hjkhjk","uuuuu","ppppp","üüüßíoöu","wwqwedlk4jh","nnnnnnnnnnnn","sssssssssdfwser",
46,"Oktober","October","xxxxx","yyyyy","zzzzz","asdfasdf","hjkhjk","uuuuu","ppppp","üüüßíoöu","wwqwedlk4jh","nnnnnnnnnnnn","sssssssssdfwser",
47,"November","November","xxxxx","yyyyy","zzzzz","asdfasdf","hjkhjk","uuuuu","ppppp","üüüßíoöu","wwqwedlk4jh","nnnnnnnnnnnn","sssssssssdfwser",
48,"Dezember","December","xxxxx","yyyyy","zzzzz","asdfasdf","hjkhjk","uuuuu","ppppp","üüüßíoöu","wwqwedlk4jh","nnnnnnnnnnnn","sssssssssdfwser",
49,"Januar","January","xxxxx","yyyyy","zzzzz","asdfasdf","hjkhjk","uuuuu","ppppp","üüüßíoöu","wwqwedlk4jh","nnnnnnnnnnnn","sssssssssdfwser",
50,"Februar","February","xxxxx","yyyyy","zzzzz","asdfasdf","hjkhjk","uuuuu","ppppp","üüüßíoöu","wwqwedlk4jh","nnnnnnnnnnnn","sssssssssdfwser",
