mid,quelle,target
1,Das ist eine rotes Haus,Questo e un casa roso.
2,Hier ist das <b>Alignment</b> noch in Ordnung.,RELAIS - Here the alignment is OK.
3,"Falscher Source Text, MID OK. FALSCH!","RELAIS – Wrong Source Text here, MID OK."
4,Hier ist das Alignment wieder in Ordnung.,RELAIS – Here the alignment is OK again.
5,Hier ist das <b>Alignment</b> wieder in Ordnung 2.,RELAIS – Here the alignment is OK again 2.
6,Hier ist das Alignment wieder in Ordnung 3.,RELAIS – Here the alignment is OK again 3.
