<issues>
	<issue type="Accuracy" level="0" description="" display="yes">
		<issue type="Terminology" level="1" description="" display="yes"/>
		<issue type="Mistranslation" level="1" description="" display="yes"/>
		<issue type="Omission" level="1" description="" display="yes"/>
		<issue type="Addition" level="1" description="" display="yes"/>
		<issue type="Untranslated" level="1" description="" display="yes"/>
	</issue>
	<issue type="Fluency" level="0" description="" display="yes">
		<issue type="Style/register" level="1" description="" display="yes"/>
		<issue type="Typography" level="1" description="" display="yes">
			<issue type="Punctuation" level="2" description="" display="yes"/>
		</issue>
		<issue type="Spelling" level="1" description="" display="yes">
			<issue type="Capitalization" level="2" description="" display="yes"/>
		</issue>

		<issue type="Grammar" level="1" description="" display="yes">
			<issue type="Morphology (word form)" level="2" description="" display="yes"/>
			<issue type="Part of speech" level="2" description="" display="yes"/>
			<issue type="Agreement" level="2" description="" display="yes"/>
			<issue type="Word order" level="2" description="" display="yes"/>
			<issue type="Function words" level="2" description="" display="yes"/>
			<issue type="Tense/aspect/mood" level="2" description="" display="yes"/>
		</issue>
		<issue type="Unintelligible" level="1" description="" display="yes"/>
	</issue>
</issues>